{
    "name": "baka-chat",
    "title": "Baka Chat",
    "description": "A module to make natural 1s and 20s more special.",
    "author": "original by kid2407 - v11 fork by ArdisFoxx",
    "version": "1.1.4",
    "minimumCoreVersion": "0.8.6",
    "compatibleCoreVersion": "11",
    "compatibility": {
        "minimum": 9,
        "verified": 11,
        "maximum": 11
    },
    "url": "https://github.com/ArdisFoxx/baka-chat",
    "download": "https://github.com/ArdisFoxx/baka-chat/releases/download/latest/module.zip",
    "manifest": "https://github.com/ArdisFoxx/baka-chat/releases/download/latest/module.json",
    "readme": "README.md",
    "license": "LICENSE.md",
    "esmodules": [
        "scripts/main.js"
    ]
}
